College,Program Summary,Category,Student Body Vibe,Study Abroad Opportunities,Academic Alliances,ED/EA Acceptance Rate,RD Acceptance Rate,ED/EA Type,Fit for Writing (1-5),Fit for Theater (1-5)
Yale University,Exceptional fit for both writing and theater,Reach,"Intellectual, collaborative, high-achieving",Extensive global programs via Yale Study Abroad,None (but strong alumni network),7%,3%,Restrictive EA,5,5
Brown University,Creative and interdisciplinary; top writing and strong urban arts access,Reach,"Open-minded, artistic, intellectually curious","Brown in Bologna, Trinity in Dublin, and many more",Cross-registration with RISD,14%,3%,ED,5,4
Amherst College,"World-class academics, small class sizes, and access to 5-college theater scene",Reach,"Academic, supportive, humanities-friendly",Over 100 programs; ~45% study abroad,"Five College Consortium (Smith, Mount Holyoke, UMass, Hampshire)",30%,7%,ED,5,4
Columbia University,Elite writing resources in NYC; theater more limited for undergrads,Reach,"Driven, intellectual, diverse",Study abroad via Columbia Global Programs,"Affiliated with Barnard, part of Morningside academic community",11%,4%,ED,5,3
Northwestern University,Top-tier for both writing and theater; strong Chicago access,Reach,"Driven, pre-professional, artistic",Northwestern Global Learning Office (GLO) offers robust study abroad,Cross-reg with UChicago (limited),25%,7%,ED,5,5
Princeton University,Excellent writing; theater growing but more academic than performance focused,Reach,"Intellectual, traditional, high-achieving","Princeton Global Seminars, numerous faculty-led and exchange programs","None, but robust alumni and faculty research networks",15%,4%,Single-Choice EA,5,3
Stanford University,Creative freedom with strong writing; less theater-centric,Reach,"Innovative, interdisciplinary, entrepreneurial",Bing Overseas Studies Program,Cross-disciplinary access within Stanford schools,7%,3%,Restrictive EA,4,3
UPenn,Career-aligned writing resources; theater available but not central,Reach,"Pre-professional, energetic, urban","Penn Global Seminars, 50+ programs",Member of Ivy Plus Exchange,16%,5%,ED,4,3
Dartmouth College,Close mentorship; great for writing and very active theater,Reach,"Close-knit, outdoorsy, literary","Dartmouth off-campus programs (LSA, FSP); ~60% study abroad",Ivy League exchange options,21%,6%,ED,5,4
Swarthmore College,Rigorous and creative; excellent literary culture,Reach,"Intellectual, inclusive, collaborative",Over 100 programs in 60+ countries,"Tri-College Consortium (Bryn Mawr, Haverford)",28%,6%,ED,5,3
Williams College,Best-in-class for English and writing; strong theater opportunities,Reach,"Academic, outdoorsy, community-focused",Williams-Exeter Programme at Oxford and 100+ others,"Partnership with Oxford, Amherst consortium proximity",35%,9%,ED,5,4
Cornell University,Good English dept but less central creative culture,Reach,,,,,,,3,2
Johns Hopkins University,Top writing program; theater less emphasized,Reach,"Research-driven, focused, academic",Hopkins Office of Study Abroad; 50+ global programs,Baltimore Collegetown Network,21%,7%,ED,5,2
Vassar College,"Creative, artsy, and ideal for writing + theater near NYC",Match,"Artsy, liberal, tight-knit","Popular study abroad (Oxford, Bologna, Paris, etc.)","Cross-reg with nearby schools like Marist, Bard",38%,17%,ED,5,4
Barnard College,Great writing; NYC arts exposure; theater via Columbia,Match,"Empowered, intellectually curious, women-focused","Global Barnard, Columbia programs",Cross-registration with Columbia,35%,10%,ED,5,3
Tufts University,Balanced program with strong theater near Boston,Match,"Friendly, intellectual, globally aware",Tufts Programs Abroad & exchanges,Cross-registration with SMFA and NE universities,32%,10%,ED,4,4
Wesleyan University,"Perfect for creative thinkers; film, theater, writing all strong",Match,"Creative, progressive, interdisciplinary",Wesleyan Study Abroad offers global partnerships,Member of CT higher-ed exchange,38%,13%,ED,5,5
USC,Best for performance and media writing; large but rich in opportunities,Match,"Dynamic, creative, diverse",USC Overseas Studies Office,Cross-school access within USC arts programs,15%,9%,EA,4,5
Georgetown University,Great for global studies; less so for writing/theater,Match,,,,,,,2,2
University of Michigan,Excellent writing program and theater in a big-school setting,Match,"Spirited, well-rounded, academic",CGIS: 100+ partner programs,Big Ten Academic Alliance,24%,17%,EA,4,4
University of Virginia,Strong English and theater in liberal arts-focused public school,Match,"Classic, civic-minded, academic",UVA Global Internships and 50+ study abroad options,VA Public College network,20%,15%,EA,4,3
UNC Chapel Hill,Well-rounded; creative offerings available,Match,,,,,,,3,3
University of Iowa,Undergrad writing growing; famous grad program,Match,"Midwestern, literary, accessible","Semester, summer, and faculty-led programs worldwide",Big Ten Academic Alliance,84%,84%,Rolling,4,2
Sarah Lawrence College,"Writing-intensive, perfect for creatives near NYC",Safety,"Creative, artsy, progressive","Programs in Cuba, London, and global exchange options",Exchange with Oxford; NY Consortium of liberal arts schools,57%,50%,ED,5,3
Emerson College,Strong arts/media culture; downtown Boston,Safety,"Creative, media-savvy, arts-focused","Kasteel Well in the Netherlands, LA internships",Arts consortia access in Boston,65%,40%,EA,4,4
Muhlenberg College,Theater standout; writing program decent,Safety,"Supportive, theater-strong, suburban campus",Over 100 approved programs worldwide,Lehigh Valley Association of Independent Colleges,80%,62%,ED,3,4
Kenyon College,"One of the best writing schools; active theater, small community",Safety,"Literary, collaborative, small-town focused",Kenyon in Rome and multiple partner programs,"None formal, but strong literary legacy",60%,31%,ED,5,3
